codigo_recinto,codigo_municipio,nombre,direccion
1010200001,10102,U.E. Padresama,Se encuentra sobre la carretera cochabamba a Santa Cruz km 150
1010300010,10103,U.E. Guillermo Urquidi,Av. Humboldt entre Av. Victor Ustariz y Av. Blanco Galindo
1010300011,10103,Escuela Gualberto Villarroel,Arani
1010300027,10103,(Corcel) Penitenciaria San Sebastian Varones,Plaz. San Sebastion Acera Norte
1020100041,10201,U.E. Patria Nueva,Zona Sud Barrio 1ro. De Mayo OTB El Palmar
1020100045,10201,Colegio Francisco Vignaud,Capitan Ustariz entre Av. Juan Rivera y C. Hans Grether
1020100062,10201,U.E. Pedro Domingo Murillo,Chiuchi Arriba
1030100067,10301,Unidad Educativa Molinero,Molinero
1030200081,10302,Colegio Pio XII,25 de Mayo entre Punata
1030200087,10302,Escuela Mixta Dr. Martin Cardenas,Mina Asientos
1030300097,10303,Escuela Ladislao Cabrera,Chilicchi
1030400115,10304,U.E. Joso Carlos Carrillo,Comunidad Tirani?Final Av. Atahuallpa segunda circunvalacion
1030400121,10304,U.E. Carmen Rosa Salguero,Calle Miguel Mercado Moreira esq. Circunvalacion
1040100125,10401,Unidad Educativa Paracti (Villa Tunari),Paracti(Villa Tunari)
1040100132,10401,Unidad Educativa 1ro de Mayo,Primero de Mayo
1040100143,10401,Nucleo Educativo Chapisirca,Chapisirca
1040200150,10402,U.E. San Antonio,Comunidad San Antonio
1040200161,10402,Nucleo Escolar Laguna Grande,Laguna Grande
1040300178,10403,Nucleo Educativo Chapisirca,Chapisirca
1040300181,10403,Unidad Educativa Moleto Icoya (V.Tunari),Moleto
1040400186,10404,U.E. Rumy Corral,Comunidad Rumy Corral Centro
1040400189,10404,Unidad Educativa Ramadas,La Ramada
1040400197,10404,Colegio Pio XII,25 de Mayo entre Punata
1040500206,10405,Unidad Educativa Rosendo Peoa,OTB Urbanizacion PIL Sarcobamba Calle Luis Zegarra entre Luis Montaoo y Jorge Udaeta
1060100218,10601,Instituto Tecnologico El Paso,Avenida Elias Meneces
1060100221,10601,U.E. Combuyo,Calle de Combuyo
1060100231,10601,Centro Integral Nioo Jesus Fe y Alegria,Calle 4 y Miraflores
1060200242,10602,U.E. Avelino Morida,Zubieta
1060200261,10602,Nucleo Escolar Villa Granado,Villa Granado
1070100270,10701,(Corcel) Penitenciaria San Antonio,Av. Ayacucho Frente a La Terminal
1070200272,10702,Centro Internado Misicuni,Misicuni
1070200274,10702,U.E. Nacional San Isidro,Zona Alto Buena Vista Otb Kasa Wasa
1070200285,10702,U.E. Adolfo Mercado,Tacopaya
1070300295,10703,Colegio Boliviano Argentino,Baptista y Colombia
1070300300,10703,U.E. Bartolina Sisa,Calle Innominada
1070300318,10703,Nucleo Escolar Villa Granado,Villa Granado
1070400326,10704,Escuela Dr. Demetrio Canelas,Ayapampa
1070400342,10704,Nucleo Escolar Simon Bolivar (Thiomoko),Cleomedes blanco y Atacama
1090100349,10901,Escuela Seccional Waripucara,Waripucara
1090100363,10901,Nucleo Escolar Laguna Grande,Laguna Grande
1090200365,10902,U.E. Genoveva Roos,Calle Los Robles entre Av. Segunda Circunvalacion y Calle Sofocles
1090300370,10903,Instituto Tecnologico El Paso,Avenida Elias Meneces
1090300384,10903,U.E. Padresama,Se encuentra sobre la carretera cochabamba a Santa Cruz km 150
1090300396,10903,Nucleo Educativo Tipajara,Tipajara
1100100401,11001,Unidad Educativa Waca Playa,Waca Playa
1100200410,11002,U.E. Coracaba,Coracaba
1100200417,11002,Unidad Educativa Iglesiani,Iglesiani
2010200423,20102,U.E. Zenobio Gallardo,Distrito Ramadas
2010200441,20102,U.E. Cochabamba,Calle Jordon No 236
2010400444,20104,U.E. Combuyo,Calle de Combuyo
2010400449,20104,Escuela Tomas Bata,Av. 12 de Enero entre martin Cardenas Y Pacheco
2010400465,20104,Nucleo Escolar Laguna Grande,Laguna Grande
2010500484,20105,Unidad Educativa 1ro de Mayo,Primero de Mayo
2020100493,20201,U.E. San Miguel,Av. Ustariz S/N
2020100495,20201,Nucleo Joso Claure (U. E. San Vicente),San Vicente
2020200497,20202,Unidad Educativa Chaqui Mayu,Ch Aquimayu
2020200505,20202,U.E. Avispas,Carretera Cochabamba a Santa Cruz KM/144 Sindicato Avispas
2020300509,20203,U.E. Humberto Portocarrero,Zona Pampa San Miguel
2020300522,20203,Instituto Eduardo Laredo,Av. Ramon Rivero
2020400533,20204,Escuela Walter Vallejo,Av. 9 de Abril
2020600553,20206,Escuela Gualberto Villarroel,Arani
2020600556,20206,Unidad Educativa 1ro de Mayo,Primero de Mayo
2020600570,20206,U.E. Lacolaconi,Lacolaconi
2030100590,20301,Unidad Educativa La Sagrada Familia,Av. 16 de Julio
2030100591,20301,Escuela La Estrella (San Gabriel),San Gabriel
2030200609,20302,Unidad Educativa Ivirizu Vandiola,Ivirizu Vandiola
2030200615,20302,Escuela Dr. Demetrio Canelas,Ayapampa
2030200622,20302,U.E. Patria Nueva,Zona Sud Barrio 1ro. De Mayo OTB El Palmar
2030300623,20303,Unidad Educativa Simon Bolivar (Sumunpaya),Zona Sumunpuya Sud
2030300642,20303,Escuela Gualberto Villarroel,Arani
2030300656,20303,U.E. Simon I. Patioo,Avenida Pairumani
2030500661,20305,Unidad Educativa 14 de Septiembre,Calle Francisco Suarez entre Rigoberto Sains y Cesar Achaval
2030500664,20305,U.E. Serrano,Sindicato Agrarario Serrano?Carretera Troncal Cochabamba Mizque
2030600676,20306,Unidad Educativa Molinero,Molinero
2030700690,20307,U.E. Abraham Flores Velasquez,Alalay
2030700699,20307,U.E. Cuatro Esquinas,Comunidad 4 Esquinas
2030800702,20308,U.E. Prof. Benedicto Duron Ortoz,La Florida
2040100714,20401,U.E. Avelino Morida,Zubieta
2040100726,20401,U.E.T.H. Mariscal Sucre,Entre Calle el Deber y Los Andes (entrada por la Av. La Resistencia)
2040200739,20402,U.E. Chillca Grande,Chillca Grande
2040300749,20403,U.E. Rumy Corral,Comunidad Rumy Corral Centro
2040300769,20403,Sede Social De Tipa Tipa,Tipa Tipa
2040300782,20403,U.E. Padre Luis Diez del Pozo,Av. Zofraco
2040400791,20404,Colegio Sebastian Pagador,Villa Sebastian Pagador Av. Machacamarca
2040500795,20405,U.E. Madre De La Divina Providencia,Otb Villa Armonia
2050100811,20501,Unidad Educativa Quturi,Quturi
2050100818,20501,(Corcel) Penitenciaria San Antonio,Av. Ayacucho Frente a La Terminal
2050200835,20502,Unidad Educativa Paracti (Villa Tunari),Paracti(Villa Tunari)
2050300839,20503,U.E. Padre Luis Diez del Pozo,Av. Zofraco
2050300844,20503,Rodriguez,Bolovar y 16 de Julio
2060100861,20601,Centro Internado Misicuni,Misicuni
2060200871,20602,Colegio Padre Andros Cuschieri,Calle Kanaut S/N
2060200888,20602,U.E. Rumy Corral,Comunidad Rumy Corral Centro
2060200889,20602,U. E. Titos Linde,Av. Malteria C/ Innominada a una cuadra y media del Instituto Oncologico Nacional
2060200900,20602,U.E. Simon I. Patioo,Avenida Pairumani
2060300909,20603,(Corcel) Penitenciaria San Sebastian Mujeres,Plaz. San Sebastion Acera Oeste
2060300926,20603,U.E. Tocnico Humanostico San Rafael,Av. Los Molles lado Sud Posgrado Agronomia UMSS.
2060400940,20604,U.E. Simon I. Patioo,Avenida Pairumani
2060400948,20604,Unidad Educativa Paracti (Villa Tunari),Paracti(Villa Tunari)
2060500949,20605,Sede Social Sombrerito,Sindicato Agrarario Sombrerito? Carretera Troncal Cochabamba Mizque
2060500962,20605,Unidad Educativa Estados Unidos,Isiboro y Todos Santos
2060600971,20606,Unidad Educativa Jesus Maestro,Zona Chiquicollo
2060700977,20607,Escuela Chuou Chuoini,Chuou Chuouni
2060800982,20608,U. E. Nuestra Seoora del Rosario,Pasaje Bolovar?Tarija
2070100996,20701,Unidad Educativa 14 de Septiembre,Calle Francisco Suarez entre Rigoberto Sains y Cesar Achaval
2070101009,20701,Unidad Educativa 14 de Septiembre,Calle Francisco Suarez entre Rigoberto Sains y Cesar Achaval
2070101015,20701,Unidad Educativa Iglesiani,Iglesiani
2070101020,20701,U.E. Prof. Benedicto Duron Ortoz,La Florida
2080101028,20801,Unidad Educativa Nataniel Aguirre,Av Benemeritos del Chaco y Calle Walter Rocha
2080101034,20801,Hogar Comunitario Disneylandia,Zona Sud
2080201037,20802,U.E. Simon I. Patioo,Avenida Pairumani
2080201046,20802,U.E. El Mirador,Zona 5 Alto Mirador
2080201066,20802,U.E. Padresama,Se encuentra sobre la carretera cochabamba a Santa Cruz km 150
2080301070,20803,Escuela Seccional Waripucara,Waripucara
2080301086,20803,U.E. Ayni Pacha,C. Santa Elena entre Av. Pisiga y C. Innominada ? OTB Alalay Alto Mirador
2080301089,20803,Unidad Educativa El Sausalito,Santa Rosa (Colcapirhua) c/ Martin Cardenas y Oscar Alfaro
2080401103,20804,Unidad Educativa Hno Pacifico Feletti,Villa 1o de Mayo
2080401107,20804,Kinder San Joaquon,C. Viloma entre C. Colomi y Av. De la Fuerza Aerea
2080501108,20805,U.E. San Francisco Javier,Zona Alto Buena Vista OTB ISIDRO
2080501126,20805,U.E. Bartolina Sisa,Calle Innominada
2080501128,20805,U.E. Prof. Jaime Alfonso Escalante Gutierrez,Barrio Magisterio Las Delicias
2080501136,20805,Nucleo Educativo Chapisirca,Chapisirca
2080601149,20806,U.E. Padresama,Se encuentra sobre la carretera cochabamba a Santa Cruz km 150
2080701169,20807,U.E. Avelino Morida,Zubieta
2080701175,20807,Escuela Gualberto Villarroel,Arani
2090101178,20901,Unidad Educativa Eje Pampa,Eje Pampa
2090101180,20901,U.E. Rumy Corral,Comunidad Rumy Corral Centro
2090101188,20901,Colegio Evangelico Emanuel,C. Baptista entre C. La Paz y C. J. de la Reza
2090301193,20903,Nucleo Escolar Ismael Montes,Conda Baja
2090501202,20905,Escuela Dr. Demetrio Canelas,Ayapampa
2100101213,21001,U.E. Prof. Jaime Alfonso Escalante Gutierrez,Barrio Magisterio Las Delicias
2100101220,21001,Unidad Educativa Huanacuni Grande,Huanacuni Chico
2100201240,21002,U.E. Lacuyo,Challa
2100201253,21002,(Corcel) Penitenciaria San Antonio,Av. Ayacucho Frente a La Terminal
2100301272,21003,Sede Sindical De Chahuarani Chico,En la Sede de Chahuarani Chico
2100501291,21005,U.E. Avelino Morida,Zubieta
2100601300,21006,Colegio Padre Andros Cuschieri,Calle Kanaut S/N
2100601308,21006,U.E. 27 de Mayo,Reno Barrientos Ortuoo
2110101318,21101,Colegio Pio XII,25 de Mayo entre Punata
2110101332,21101,Nucleo Escolar Ismael Montes,Conda Baja
2110201347,21102,U.E. 14 de Septiembre,Villa 14 de Septiembre
2110301353,21103,Escuela Cristal Mayu,Cristal Mayu
2110301363,21103,U.E. Nacional San Isidro,Zona Alto Buena Vista Otb Kasa Wasa
2110401373,21104,Escuela Dr. Demetrio Canelas,Ayapampa
2110401381,21104,Unidad Educativa Quiroga,Quiroga
2110501384,21105,U.E. Nacional San Isidro,Zona Alto Buena Vista Otb Kasa Wasa
2120101387,21201,Colegio Padre Andros Cuschieri,Calle Kanaut S/N
2120101399,21201,Escuela Seccional Rene Barrientos,Ventilla
2120301401,21203,U.E. San Antonio,Comunidad San Antonio
2120301417,21203,Centro Integral Nioo Jesus Fe y Alegria,Calle 4 y Miraflores
2120401418,21204,U.E. San Crispin,Calle final Sucre del Municipio de Colcapirhua
2130101435,21301,Escuela Gualberto Villarroel,Arani
2130201443,21302,U.E. Tipa Pampa,Comunidad Tipa Pampa
2130301444,21303,Colegio La Salle Fiscal,Av. Tiahuanaco Frente a Tronsito
2130401458,21304,Sede Social de OTB Cerro San Miguel Alto,Calle Ayllu esquina calle Bonifacio
2130401462,21304,Escuela Gualberto Villarroel,Arani
2140101480,21401,U.E. Nacional San Isidro,Zona Alto Buena Vista Otb Kasa Wasa
2140101499,21401,Unidad Educativa 1ro de Mayo,Primero de Mayo
2140201507,21402,Unidad Educativa Daniel Salamanca,Colcapirhua
2140201511,21402,Unidad Educativa Nataniel Aguirre,Av Benemeritos del Chaco y Calle Walter Rocha
2150101528,21501,U.E. Simon I. Patioo,Avenida Pairumani
2150101544,21501,Escuela Cristal Mayu,Cristal Mayu
2150101558,21501,Escuela Ladislao Cabrera,Chilicchi
2150201565,21502,Unidad Educativa de La Fuerza Aerea,Av de La Fuerza Aerea entre Calle Cap. Luis Garcia y Moto Mendez
2150201575,21502,U.E. Padresama,Se encuentra sobre la carretera cochabamba a Santa Cruz km 150
2160101576,21601,Colegio Boliviano Argentino,Baptista y Colombia
2160101577,21601,U.E. Vilomilla,Vilomilla
2160101597,21601,Instituto Tecnologico El Paso,Avenida Elias Meneces
2160101617,21601,Venezuela,Liceo Adela Zamudio
2160201624,21602,Escuela Monseoor Angel Gelmi,Tita Gallo
2170201630,21702,Unidad Educativa Molinero,Molinero
2170301645,21703,Colegio Boliviano Argentino,Baptista y Colombia
2170301659,21703,Sede Social de OTB Cerro San Miguel Alto,Calle Ayllu esquina calle Bonifacio
2180101679,21801,Escuela Ladislao Cabrera,Chilicchi
2180101682,21801,U.E. Pedro Domingo Murillo,Chiuchi Arriba
2180201685,21802,U.E. Zenobio Gallardo,Distrito Ramadas
2180301687,21803,Unidad Educativa Molinero,Molinero
2190201705,21902,U.E. Avelino Morida,Zubieta
2200201717,22002,Colegio Evangelico Emanuel,C. Baptista entre C. La Paz y C. J. de la Reza
2200201728,22002,U.E. El Paso A,Zona Central El Paso
2200201731,22002,Escuela Ladislao Cabrera,Chilicchi
3020101750,30201,Escuela Ladislao Cabrera,Chilicchi
3020201761,30202,Colegio Pedro Ignacio Rivero,Mizque
3020201776,30202,Escuela Ladislao Cabrera,Chilicchi
3020201793,30202,Unidad Educativa Bolivia (La Maica),La Maica Central
3020301812,30203,(Corcel) Penitenciaria San Antonio,Av. Ayacucho Frente a La Terminal
3030201820,30302,Unidad Educativa Santiago,Achandara y Calle Imnominada
3030201826,30302,Escuela Ladislao Cabrera,Chilicchi
3030201836,30302,Unidad Educativa Moleto Icoya (V.Tunari),Moleto
3030301851,30303,U.E. Israel,Zona Villa Israel
3040101870,30401,Unidad Educativa Estados Unidos,Isiboro y Todos Santos
3040101880,30401,Unidad Educativa Antonio Diez,Itocta
3040201888,30402,Escuela Eugenia Ravasco,Av. Esperanza?Rumi Mayu (Tiquipaya)
3040301890,30403,Unidad Educativa Panama,Panamo
3050101895,30501,Colegio Franz Tamayo,Calle Rafael Pavon entre Av
3050101897,30501,Colegio La Salle Fiscal,Av. Tiahuanaco Frente a Tronsito
3050101908,30501,Colegio Franz Tamayo,Calle Rafael Pavon entre Av
3060201920,30602,Unidad Educativa Domingo Savio (Ex Lorenzo Filho),Av. Aniceto Arce Nro 804 entre N. Morales
3070201933,30702,Kinder San Joaquon,C. Viloma entre C. Colomi y Av. De la Fuerza Aerea
3070201936,30702,Unidad Educativa Antonio Diez,Itocta
3070201941,30702,Unidad Educativa Thago Thago,Thago Thago
3070201956,30702,Hogar Comunitario Disneylandia,Zona Sud
3080101975,30801,Escuela Melchor Cuadros,Av. Pairumani?Vinto
3080101984,30801,Colegio Pio XII,25 de Mayo entre Punata
3080101991,30801,Unidad Educativa Tocopilla,Tocopilla
3080202003,30802,U.E. San Antonio,Comunidad San Antonio
3080302010,30803,Centro de Atencion Al Turista,Incallajta
3090102030,30901,Unidad Educativa Club De Leones,Circunvalacion 375 Enrique Arce
3090102049,30901,Unidad Educativa Central Villa Pereira,Villa Pereira
3090202051,30902,Escuela Manuel De Ugarte,Aiquile
3090302068,30903,Escuela Gualberto Villarroel,Arani
3090302072,30903,Unidad Educativa Iglesiani,Iglesiani
3100102075,31001,U.E. Prof. Benedicto Duron Ortoz,La Florida
3100102076,31001,U.E. Tiquirani,OTB Tiquirani
3100202096,31002,Escuela Ladislao Cabrera,Chilicchi
3100202104,31002,Unidad Educativa Jesus Maestro,Zona Chiquicollo
3100202116,31002,Unidad Educativa Ramadas,La Ramada
3100302129,31003,Unidad Educativa Eje Pampa,Eje Pampa
3100302139,31003,U.E. Joso Carlos Carrillo,Comunidad Tirani?Final Av. Atahuallpa segunda circunvalacion
3110102159,31101,Unidad Educativa Domingo Savio (Ex Lorenzo Filho),Av. Aniceto Arce Nro 804 entre N. Morales
3120202170,31202,Unidad Educativa Libertad,C/ Porvenir y C/ Mejillones
3120202190,31202,Colegio Franz Tamayo,Calle Rafael Pavon entre Av
3120202199,31202,Nucleo Escolar Ismael Montes,Conda Baja
3120302209,31203,Escuela Fiscal Juan XXIII A,Av. Guido Brault Omi y Mons. Francisco Cano
3120302214,31203,Sede Social de OTB Cerro San Miguel Alto,Calle Ayllu esquina calle Bonifacio
3120402223,31204,Escuela Aguada,Aguada
3120502241,31205,U.E. Chillca Grande,Chillca Grande
3120602246,31206,Unidad Educativa Chaqui Mayu,Ch Aquimayu
3130102263,31301,Unidad Educativa Chaqui Mayu,Ch Aquimayu
3130302276,31303,Unidad Educativa Rosendo Peoa,OTB Urbanizacion PIL Sarcobamba Calle Luis Zegarra entre Luis Montaoo y Jorge Udaeta
3140102277,31401,Sede Sindical Yajo Pampa,Comunidad Yajo Pampa
3140202297,31402,Unidad Educativa Panama,Panamo
3140202313,31402,Instituto Tecnologico El Paso,Avenida Elias Meneces
3140202320,31402,Unidad Educativa Estados Unidos,Isiboro y Todos Santos
3140202333,31402,U.E. Simon I. Patioo,Avenida Pairumani
3140302351,31403,Escuela Seccional Waripucara,Waripucara
3140402363,31404,U.E. Prof. Jaime Alfonso Escalante Gutierrez,Barrio Magisterio Las Delicias
3140502380,31405,U.E. San Francisco Javier,Zona Alto Buena Vista OTB ISIDRO
3140502396,31405,Escuela Dr. Demetrio Canelas,Ayapampa
3150102404,31501,U.E. San Francisco Javier,Zona Alto Buena Vista OTB ISIDRO
3160102405,31601,Escuela Chuou Chuoini,Chuou Chuouni
3160102417,31601,U.E. Serrano,Sindicato Agrarario Serrano?Carretera Troncal Cochabamba Mizque
3160202433,31602,Unidad Educativa El Sausalito,Santa Rosa (Colcapirhua) c/ Martin Cardenas y Oscar Alfaro
3160202443,31602,Centro Internado Misicuni,Misicuni
4010102454,40101,Unidad Educativa Ramadas,La Ramada
4010102470,40101,U.E. Tocnico Humanostico San Rafael,Av. Los Molles lado Sud Posgrado Agronomia UMSS.
4010202487,40102,Nucleo Escolar Beta Raqay Pampa,Raqay Pampa
4010302504,40103,Unidad Educativa Nataniel Aguirre,Av Benemeritos del Chaco y Calle Walter Rocha
4010302516,40103,Unidad Educativa Kewioal,Qhewioal
4020102525,40201,Nucleo Escolar Simon Bolivar (Thiomoko),Cleomedes blanco y Atacama
4020102528,40201,U.E. Lacolaconi,Lacolaconi
4020202545,40202,U.E. Jose Nabo Quintana Navia,Calle Cochabamba frente a la capilla Virgen de Guadalupe
4030102551,40301,U.E. El Paso A,Zona Central El Paso
4030102558,40301,Colegio La Salle,Junon y Mayor Rocha
4030102577,40301,U.E. Prof. Jaime Alfonso Escalante Gutierrez,Barrio Magisterio Las Delicias
4030202583,40302,Nucleo Escolar Beta Raqay Pampa,Raqay Pampa
4040102601,40401,Centro de Atencion Al Turista,Incallajta
4040102619,40401,Unidad Educativa Libertad,C/ Porvenir y C/ Mejillones
4040102626,40401,U.E. 14 de Septiembre,Villa 14 de Septiembre
4050102640,40501,Escuela Manuel De Ugarte,Aiquile
4050102643,40501,Unidad Educativa Atiy,Por San Isidro
4050302646,40503,Unidad Educativa Sagrada Familia,Vinto
4050402665,40504,Unidad Educativa Keraya,Keraya
4050502685,40505,Nucleo Escolar Beta Raqay Pampa,Raqay Pampa
4060102687,40601,Unidad Educativa La Sagrada Familia,Av. 16 de Julio
4060102688,40601,U.E. San Miguel,Av. Ustariz S/N
4060202703,40602,U.E. Combuyo,Calle de Combuyo
4060302723,40603,U.E. San Crispin,Calle final Sucre del Municipio de Colcapirhua
4070102727,40701,Unidad Educativa de La Fuerza Aerea,Av de La Fuerza Aerea entre Calle Cap. Luis Garcia y Moto Mendez
4080102738,40801,U.E.T.H. Mariscal Sucre,Entre Calle el Deber y Los Andes (entrada por la Av. La Resistencia)
4080202749,40802,U.E. El Mirador,Zona 5 Alto Mirador
4090102764,40901,Colegio Padre Andros Cuschieri,Calle Kanaut S/N
4090202780,40902,Unidad Educativa Paracti (Villa Tunari),Paracti(Villa Tunari)
4090202793,40902,Sede Social De Tipa Tipa,Tipa Tipa
4090302812,40903,Colegio San Miguel (Tiquipaya),C/T. Torrico?C.Beni
4110102832,41101,Instituto Tecnologico El Paso,Avenida Elias Meneces
4110102852,41101,Unidad Educativa Hno Pacifico Feletti,Villa 1o de Mayo
4120102867,41201,Rodriguez,Bolovar y 16 de Julio
4120202879,41202,Unidad Educativa 1ro de Mayo,Primero de Mayo
4130102885,41301,(Corcel) Penitenciaria San Sebastian Varones,Plaz. San Sebastion Acera Norte
4140102898,41401,U.E. Tocnico Humanostico San Rafael,Av. Los Molles lado Sud Posgrado Agronomia UMSS.
4140102909,41401,Nucleo Escolar Simon Bolivar (Thiomoko),Cleomedes blanco y Atacama
4140102928,41401,U.E. El Mirador,Zona 5 Alto Mirador
4150102945,41501,U.E. Coracaba,Coracaba
4150102956,41501,Centro Integral Nioo Jesus Fe y Alegria,Calle 4 y Miraflores
4150202972,41502,Unidad Educativa Rosendo Peoa,OTB Urbanizacion PIL Sarcobamba Calle Luis Zegarra entre Luis Montaoo y Jorge Udaeta
4150302982,41503,Escuela Ismael Montes,La Chulla
4150302985,41503,Nucleo Escolar Simon Bolivar (Thiomoko),Cleomedes blanco y Atacama
5010102993,50101,Unidad Educativa Moleto Icoya (V.Tunari),Moleto
5010103004,50101,Centro de Atencion Al Turista,Incallajta
5010103008,50101,U.E. Rumy Corral,Comunidad Rumy Corral Centro
5010203010,50102,Escuela Dr. Demetrio Canelas,Ayapampa
5010203029,50102,Nucleo Escolar Ismael Montes,Conda Baja
5010303042,50103,Unidad Educativa Humamarca,Comunidad de Humamarca
5010403051,50104,Unidad Educativa Panama,Panamo
5020103054,50201,U.E. Avelino Morida,Zubieta
5020103064,50201,U.E. Ana Maroa Romero de Campero,Villa Victoria
5020203080,50202,Unidad Educativa Tocopilla,Tocopilla
5020203087,50202,Escuela Dr. Demetrio Canelas,Ayapampa
5020203097,50202,U.E. 5 de Septiembre,OTB 21 de Septiembre?Calle Tte. Benavides
5020303104,50203,Nucleo Escolar Confital,Confital
5020403109,50204,U.E. Madre De La Divina Providencia,Otb Villa Armonia
5020403111,50204,Unidad Educativa David Arzabe,Vinto
5020403127,50204,U.E. Rumy Corral,Comunidad Rumy Corral Centro
5030103138,50301,Nucleo Educativo Chapisirca,Chapisirca
5030103140,50301,U. E. Nuestra Seoora del Rosario,Pasaje Bolovar?Tarija
5030103159,50301,Unidad Educativa Central Villa Pereira,Villa Pereira
5030303170,50303,U.E. Simon I. Patioo,Avenida Pairumani
5040103186,50401,U.E. Canaon,Municipio Cochabamba Av. Pedro de Toledo entre Calle Juan de la Cruz Monje y Huanchaca
5040103192,50401,Nucleo Escolar Simon Bolivar (Thiomoko),Cleomedes blanco y Atacama
5040103193,50401,Escuela Seccional Waripucara,Waripucara
5040103194,50401,Colegio Pio XII,25 de Mayo entre Punata
5040203203,50402,Escuela Seccional Waripucara,Waripucara
5040303208,50403,Unidad Educativa Maria Emilia Riquelme (Ex Maria Cristina),Av. Cap. Victor Ustariz
5040303221,50403,U.E. Pedro Domingo Murillo,Chiuchi Arriba
5040403232,50404,Nucleo Escolar Ismael Montes,Conda Baja
5040403247,50404,U.E. San Miguel,Av. Ustariz S/N
5040503260,50405,Sede Sindical Yajo Pampa,Comunidad Yajo Pampa
5040503263,50405,U.E. Molle Pampa,Comunidad Molle Pampa
5040503283,50405,Colegio La Salle,Junon y Mayor Rocha
5050203297,50502,Escuela Ladislao Cabrera,Chilicchi
5050203314,50502,U.E. Combuyo,Calle de Combuyo
5070203329,50702,U.E. Ayni Pacha,C. Santa Elena entre Av. Pisiga y C. Innominada ? OTB Alalay Alto Mirador
5070203345,50702,U.E. 14 de Septiembre,Villa 14 de Septiembre
5080103348,50801,Unidad Educativa Chaqui Mayu,Ch Aquimayu
5080203366,50802,U.E. 14 de Septiembre,Villa 14 de Septiembre
5090103383,50901,Escuela Felix Martinez,Av. 31 de Octubre y Av. Mira Flores
5090103391,50901,Unidad Educativa Eje Pampa,Eje Pampa
5090203394,50902,U.E. Cochabamba,Calle Jordon No 236
5090203410,50902,Nucleo Escolar Simon Bolivar (Thiomoko),Cleomedes blanco y Atacama
5100103425,51001,Escuela Ladislao Cabrera,Chilicchi
5110103438,51101,U.E. Zenobio Gallardo,Distrito Ramadas
5110203458,51102,U.E. El Paso A,Zona Central El Paso
5110203471,51102,Unidad Educativa Rosendo Peoa,OTB Urbanizacion PIL Sarcobamba Calle Luis Zegarra entre Luis Montaoo y Jorge Udaeta
5110303476,51103,Colegio Franz Tamayo,Calle Rafael Pavon entre Av
5110303494,51103,U.E. Lacolaconi,Lacolaconi
5120103508,51201,U.E.T.H. Mariscal Sucre,Entre Calle el Deber y Los Andes (entrada por la Av. La Resistencia)
5120203522,51202,Unidad Educativa Domingo Savio (Ex Lorenzo Filho),Av. Aniceto Arce Nro 804 entre N. Morales
5120203536,51202,Escuela Melchor Cuadros,Av. Pairumani?Vinto
5120303537,51203,Colegio Pio XII,25 de Mayo entre Punata
5120303542,51203,U.E. San Adalberto Fe y Alegroa,Zona Cementerio Calle Sucre Final
5130103557,51301,Unidad Educativa Paracti (Villa Tunari),Paracti(Villa Tunari)
5130103570,51301,Colegio Pedro Ignacio Rivero,Mizque
5130203573,51302,Colegio La Salle Fiscal,Av. Tiahuanaco Frente a Tronsito
5130203583,51302,Colegio Pio XII,25 de Mayo entre Punata
5140103597,51401,U.E. Rodolfo Illanes,Comunidad 16 de Julio Capihuara
5150103602,51501,Escuela Gualberto Villarroel,Arani
5150103603,51501,Colegio Pio XII,25 de Mayo entre Punata
5160103607,51601,Escuela Gualberto Villarroel,Arani
5160103612,51601,Unidad Educativa Paracti (Villa Tunari),Paracti(Villa Tunari)
5160103618,51601,U.E. Avelino Morida,Zubieta
6020103638,60201,Unidad Educativa Jatun Pampa,Jatun Pampa
6020103648,60201,Colegio Evangelico Emanuel,C. Baptista entre C. La Paz y C. J. de la Reza
6030103654,60301,Escuela Mixta Dr. Martin Cardenas,Mina Asientos
6030103665,60301,U.E. Rodolfo Illanes,Comunidad 16 de Julio Capihuara
6030103683,60301,Nucleo Escolar Confital,Confital
6030203696,60302,U.E. Combuyo,Calle de Combuyo
6030203715,60302,Unidad Educativa El Sausalito,Santa Rosa (Colcapirhua) c/ Martin Cardenas y Oscar Alfaro
6030203717,60302,Nucleo Escolar Villa Granado,Villa Granado
6030303737,60303,Nucleo Escolar Beta Raqay Pampa,Raqay Pampa
6030303756,60303,Unidad Educ. Eduardo Lopez O E.Don Bosco,Champa Rancho
6040203775,60402,Nucleo Escolar Laguna Grande,Laguna Grande
6050103776,60501,U.E. Vilomilla,Vilomilla
6050203785,60502,U.E. El Mirador,Zona 5 Alto Mirador
6060103797,60601,Colegio Martin Cardenas,Villa Alalay Av. Siglo Xx y 10 de Noviembre
7010103804,70101,U.E. Soledad Rivas,OTB Cercado-Vinto
7010103817,70101,Colegio Mixto Tecnico Hum. Villa Bolivar,Villa Bolivar
7010203837,70102,Centro Internado Misicuni,Misicuni
7010203841,70102,Kinder San Joaquon,C. Viloma entre C. Colomi y Av. De la Fuerza Aerea
7010303847,70103,Escuela Gualberto Villarroel,Arani
7010403860,70104,Escuela Marton Cardenas,Av. Miguel Mercado Moreira?Vinto
7010403865,70104,Escuela Dr. Demetrio Canelas,Ayapampa
7010403873,70104,Escuela Eugenia Ravasco,Av. Esperanza?Rumi Mayu (Tiquipaya)
7020203880,70202,Unidad Educativa Club De Leones,Circunvalacion 375 Enrique Arce
7030203895,70302,Escuela Eugenia Ravasco,Av. Esperanza?Rumi Mayu (Tiquipaya)
7030203913,70302,Unidad Educativa Eje Pampa,Eje Pampa
7030203926,70302,Colegio La Salle Fiscal,Av. Tiahuanaco Frente a Tronsito
7030303932,70303,U.E. 27 de Mayo,Av. Elias Meneses entre Agapito Gamboa y Pasaje Innominada
7030303943,70303,U.E. 27 de Mayo,Av. Elias Meneses entre Agapito Gamboa y Pasaje Innominada
7040103959,70401,Unidad Educativa Central Villa Pereira,Villa Pereira
7040203968,70402,Unidad Educativa 14 de Septiembre,Calle Francisco Suarez entre Rigoberto Sains y Cesar Achaval
7040203976,70402,Unidad Educativa Jose Ignacio Sanjines,Final D? Orbigni Oeste Serca a La Laguna Cooa Cooa
7040203996,70402,Unidad Educativa 14 de Septiembre,Calle Francisco Suarez entre Rigoberto Sains y Cesar Achaval
7040204015,70402,U.E. Tocnico Humanostico San Rafael,Av. Los Molles lado Sud Posgrado Agronomia UMSS.
7040404029,70404,U.E. Jose Nabo Quintana Navia,Calle Cochabamba frente a la capilla Virgen de Guadalupe
7040404046,70404,Unidad Educativa Nataniel Aguirre,Av Benemeritos del Chaco y Calle Walter Rocha
7040404064,70404,Unidad Educativa Aniceto Arce,San Miguel de Aquerani
7040404068,70404,Unidad Educativa Chaqui Mayu,Ch Aquimayu
7050104084,70501,Escuela Ismael Montes,La Chulla
7050104092,70501,Unidad Educativa Chaqui Mayu,Ch Aquimayu
7050104112,70501,Unidad Educativa Atiy,Por San Isidro
7050104120,70501,Unidad Educativa 1ro de Mayo,Primero de Mayo
7050204123,70502,Sede Comunal Kalliri,Calliri
7050304132,70503,U.E. San Miguel,Av. Ustariz S/N
7060104152,70601,Sede Sindical De Chahuarani Chico,En la Sede de Chahuarani Chico
7060104163,70601,Unidad Educativa Lagarpampa,Lagarpampa
7060104172,70601,Colegio Martin Cardenas,Villa Alalay Av. Siglo Xx y 10 de Noviembre
7060204189,70602,Unidad Educativa Villa Nueva,Norte Galilea
7060304206,70603,U.E. Bolivia Japon Tarde,Calle Santa Lucia entre Av. Santo Domingo y calle Nuestra Sra. de Lourdes
7060304218,70603,Escuela Gualberto Villarroel,Arani
7060304237,70603,Centro Integral Nioo Jesus Fe y Alegria,Calle 4 y Miraflores
7070104242,70701,Colegio La Salle Fiscal,Av. Tiahuanaco Frente a Tronsito
7070204244,70702,U.E. San Adalberto Fe y Alegroa,Zona Cementerio Calle Sucre Final
7070204251,70702,U.E. Carmen Rosa Salguero,Calle Miguel Mercado Moreira esq. Circunvalacion
7070304263,70703,U.E. Guillermo Urquidi,Av. Humboldt entre Av. Victor Ustariz y Av. Blanco Galindo
7070304274,70703,(Corcel) Penitenciaria San Antonio,Av. Ayacucho Frente a La Terminal
7070304291,70703,Unidad Educativa Lagarpampa,Lagarpampa
7070404306,70704,Escuela Monseoor Angel Gelmi,Tita Gallo
7070404320,70704,U.E. Tocnico Humanostico San Rafael,Av. Los Molles lado Sud Posgrado Agronomia UMSS.
7070504330,70705,U.E. El Paso A,Zona Central El Paso
7070604348,70706,Sede Social de La O.T.B. Martin Cardenas (Ex Complejo El Carmen),Rumi Mayu (Colcapirhua)
7070704360,70707,U. E. Nuestra Seoora del Rosario,Pasaje Bolovar?Tarija
7070704364,70707,Escuela Melchor Cuadros,Av. Pairumani?Vinto
7080104365,70801,U.E. Arani,Arani
7080204379,70802,Unidad Educativa Club De Leones,Circunvalacion 375 Enrique Arce
7080204399,70802,Unidad Educativa Panama,Panamo
7080204418,70802,U.E. Ana Maroa Romero de Campero,Villa Victoria
7080304423,70803,U.E. Rumy Corral,Comunidad Rumy Corral Centro
7080404431,70804,Sede Social de La O.T.B. Martin Cardenas (Ex Complejo El Carmen),Rumi Mayu (Colcapirhua)
7080404450,70804,Unidad Educativa 14 de Septiembre,Calle Francisco Suarez entre Rigoberto Sains y Cesar Achaval
7080404455,70804,Unidad Educativa Simon Bolivar (Sumunpaya),Zona Sumunpuya Sud
7080404457,70804,Unidad Educativa 1ro de Mayo,Primero de Mayo
7080504477,70805,Colegio Aleman Santa Maria,Antezana y Colombia
7090104479,70901,U.E. San Francisco Javier,Zona Alto Buena Vista OTB ISIDRO
7090204489,70902,U.E. 27 de Mayo,Av. Elias Meneses entre Agapito Gamboa y Pasaje Innominada
7090204496,70902,U.E. Ana Maroa Romero de Campero,Villa Victoria
7090204501,70902,U.E. Arasaya,Arasaya
7090304503,70903,U.E. Rumy Corral,Comunidad Rumy Corral Centro
7090404512,70904,Nucleo Escolar Ismael Montes,Conda Baja
7100104523,71001,Escuela La Estrella (San Gabriel),San Gabriel
7100204541,71002,Escuela Manuel De Ugarte,Aiquile
7100304550,71003,U.E. San Antonio,Comunidad San Antonio
7100304561,71003,U.E. 14 de Septiembre,Villa 14 de Septiembre
7100404571,71004,Unidad Educativa Iglesiani,Iglesiani
7100504590,71005,Unidad Educativa Central Villa Pereira,Villa Pereira
7100504605,71005,Unidad Educativa Prof. Oscar Rojas Caballero,Rio Yacuma y Prolongacion Rio Caine
7110104607,71101,Escuela Vicente Donoso (Aguas Calientes),Aguas Calientes
7110104627,71101,U.E. Canaon,Municipio Cochabamba Av. Pedro de Toledo entre Calle Juan de la Cruz Monje y Huanchaca
7110204641,71102,U.E. 14 de Septiembre,Barrio Molle Aguada
7110304654,71103,U.E. Rodolfo Illanes,Comunidad 16 de Julio Capihuara
7110404668,71104,U.E. ADRA Juan XXIII,Calle Agramont francisco cano
7110504670,71105,Unidad Educativa Estanzuela,Estanzuela
7110604688,71106,Colegio San Francisco (Villa Pagador),Villa Sebastian Pagador C/Riobamba y Morochata
7110604702,71106,Unidad Educativa Cauta,Cauta
7130104717,71301,U.E. Avelino Morida,Zubieta
7130204726,71302,U.E. Cochabamba,Calle Jordon No 236
7130204745,71302,Unidad Educativa Ramadas,La Ramada
7130204755,71302,Unidad Educativa Estados Unidos,Isiboro y Todos Santos
7140104771,71401,Sede Sindical Yajo Pampa,Comunidad Yajo Pampa
7140104780,71401,Unidad Educativa Jatun Pampa,Jatun Pampa
7140204787,71402,Colegio Fe y Alegria,Chipiriri
7140304800,71403,U.E. Simon Bolivar,Calle Sucre a lado del Cementerio General
7150104801,71501,Escuela San Jose (V. Tunari),San Jose
7150104817,71501,Nucleo Escolar Beta Raqay Pampa,Raqay Pampa
7150204828,71502,U.E. Pedro Domingo Murillo,Chiuchi Arriba
7150204845,71502,U. E. Titos Linde,Av. Malteria C/ Innominada a una cuadra y media del Instituto Oncologico Nacional
7150304854,71503,Unidad Educ. Eduardo Lopez O E.Don Bosco,Champa Rancho
7150304872,71503,Unidad Educativa Club De Leones,Circunvalacion 375 Enrique Arce
8010104879,80101,Colegio Padre Andros Cuschieri,Calle Kanaut S/N
8010104890,80101,Unidad Educativa Hno Pacifico Feletti,Villa 1o de Mayo
8020104900,80201,U.E. Zenobio Gallardo,Distrito Ramadas
8020104918,80201,Escuela Ismael Montes,La Chulla
8030104926,80301,Colegio Ismael Montes O Luis Espinal,Cerro Verde-Martin Fierro y Yawar Mallku
8030104933,80301,U.E. Prof. Jaime Alfonso Escalante Gutierrez,Barrio Magisterio Las Delicias
8030204934,80302,Escuela Felix Martinez,Av. 31 de Octubre y Av. Mira Flores
8030204952,80302,Sede Social de OTB Cerro San Miguel Alto,Calle Ayllu esquina calle Bonifacio
8030204964,80302,Unidad Educativa Ibuelo,Ibuelo
8030304978,80303,Colegio Abaroa,Av. Ayacucho y Santivaoez
8030304980,80303,Colegio Aleman Santa Maria,Antezana y Colombia
8030404994,80304,U.E. 14 de Septiembre,Villa 14 de Septiembre
8040105012,80401,(Corcel) Penitenciaria San Sebastian Mujeres,Plaz. San Sebastion Acera Oeste
8040105022,80401,Instituto Particular Quillacollo,Calle Gral. Pando entre Santa Cruz y Beni
8040205034,80402,U.E. Padresama,Se encuentra sobre la carretera cochabamba a Santa Cruz km 150
8050105046,80501,Unidad Educativa 1ro de Mayo,Primero de Mayo
8050105054,80501,Nucleo Escolar Beta Raqay Pampa,Raqay Pampa
8060105067,80601,(Corcel) Penitenciaria San Antonio,Av. Ayacucho Frente a La Terminal
8060205082,80602,U.E. Avelino Morida,Zubieta
8070105085,80701,Unidad Educativa Maria Emilia Riquelme (Ex Maria Cristina),Av. Cap. Victor Ustariz
8070205097,80702,Nucleo Educativo Chapisirca,Chapisirca
8070305108,80703,Unidad Educativa Rosendo Peoa,OTB Urbanizacion PIL Sarcobamba Calle Luis Zegarra entre Luis Montaoo y Jorge Udaeta
8070305126,80703,Unidad Educativa Jesus Maestro,Zona Chiquicollo
8070305132,80703,Escuela Manuel De Ugarte,Aiquile
8080105134,80801,Colegio Martin Cardenas,Villa Alalay Av. Siglo Xx y 10 de Noviembre
8080105145,80801,U.E. Ayni Pacha,C. Santa Elena entre Av. Pisiga y C. Innominada ? OTB Alalay Alto Mirador
8080305155,80803,U.E. Adolfo Mercado,Tacopaya
9010105175,90101,U.E. San Francisco Javier,Zona Alto Buena Vista OTB ISIDRO
9010105190,90101,U.E. Lacolaconi,Lacolaconi
9010205193,90102,U.E. 5 de Septiembre,OTB 21 de Septiembre?Calle Tte. Benavides
9020105196,90201,Colegio Martin Cardenas,Villa Alalay Av. Siglo Xx y 10 de Noviembre
9020105203,90201,Unidad Educativa Villa Nueva,Norte Galilea
9020105205,90201,Unidad Educativa Chaqui Mayu,Ch Aquimayu
9020205212,90202,U.E. Genoveva Roos,Calle Los Robles entre Av. Segunda Circunvalacion y Calle Sofocles
9030105218,90301,Unidad Educativa Aniceto Arce,San Miguel de Aquerani
9030305232,90303,Colegio San Francisco (Villa Pagador),Villa Sebastian Pagador C/Riobamba y Morochata
9030305245,90303,Unidad Educativa Aniceto Arce,San Miguel de Aquerani
9030305265,90303,U.E. Carmen Rosa Salguero,Calle Miguel Mercado Moreira esq. Circunvalacion
9040105268,90401,Unidad Educativa Villa Nueva,Norte Galilea
9040105277,90401,(Corcel) Penitenciaria San Antonio,Av. Ayacucho Frente a La Terminal
9040205293,90402,U.E. Tocnico Humanostico San Rafael,Av. Los Molles lado Sud Posgrado Agronomia UMSS.
9050105310,90501,Sede Social Sombrerito,Sindicato Agrarario Sombrerito? Carretera Troncal Cochabamba Mizque
9050105319,90501,Unidad Educativa Santiago,Achandara y Calle Imnominada
9050205324,90502,U.E. Joso Carlos Carrillo,Comunidad Tirani?Final Av. Atahuallpa segunda circunvalacion
9050305335,90503,U.E. Zenobio Gallardo,Distrito Ramadas
8060205037,80602,Sede Social de La O.T.B. Martin Cardenas (Ex Complejo El Carmen),Rumi Mayu (Colcapirhua)
8060205053,80602,Sede Social de OTB Cerro San Miguel Alto,Calle Ayllu esquina calle Bonifacio
8070105065,80701,Unidad Educativa Panama,Panamo
8070205066,80702,Nucleo Joso Claure (U. E. San Vicente),San Vicente
8070205070,80702,U.E. Carmen Rosa Salguero,Calle Miguel Mercado Moreira esq. Circunvalacion
8070205086,80702,U.E. Lacolaconi,Lacolaconi
8070305105,80703,U.E. Simon I. Patioo,Avenida Pairumani
8070305116,80703,Escuela Seccional Waripucara,Waripucara
8070305134,80703,Unidad Educativa Maria Emilia Riquelme (Ex Maria Cristina),Av. Cap. Victor Ustariz
8080105148,80801,Instituto Tecnologico El Paso,Avenida Elias Meneces
8080105161,80801,Unidad Educativa David Arzabe,Vinto
8080105181,80801,U.E. Nuestra Seoora de la Merced A,Av. Capiton Voctor Ustariz entre calle Sir Roonald Ross y Calle Antenor de la V?a Garcia
8080205192,80802,Unidad Educativa Estanzuela,Estanzuela
8080305196,80803,Colegio San Francisco (Villa Pagador),Villa Sebastian Pagador C/Riobamba y Morochata
8080305209,80803,Sede Social Sombrerito,Sindicato Agrarario Sombrerito? Carretera Troncal Cochabamba Mizque
9010105211,90101,U.E. Ana Maroa Romero de Campero,Villa Victoria
9010205223,90102,Escuela Simon Rodriguez,Aiquile
9010305227,90103,Unidad Educativa Hno Pacifico Feletti,Villa 1o de Mayo
9010305239,90103,Unidad Educativa Chaqui Mayu,Ch Aquimayu
9010405249,90104,Colegio San Miguel (Tiquipaya),C/T. Torrico?C.Beni
9020105265,90201,Instituto Tecnologico El Paso,Avenida Elias Meneces
9020305276,90203,U.E. Bartolina Sisa,Calle Innominada
9020305294,90203,Unidad Educativa Chaqui Mayu,Ch Aquimayu
9030105311,90301,U.E. El Paso A,Zona Central El Paso
9030105316,90301,Unidad Educativa Jatun Pampa,Jatun Pampa
9030205324,90302,U.E. Ana Maroa Romero de Campero,Villa Victoria
9030305333,90303,Unidad Educativa Huanacuni Grande,Huanacuni Chico
9030305347,90303,Unidad Educativa Ramadas,La Ramada
9040105352,90401,Escuela Bolivar,Ayacucho y Punata
9040205356,90402,U.E. Rumy Corral,Comunidad Rumy Corral Centro
9040205359,90402,Colegio Pio XII,25 de Mayo entre Punata
9050205373,90502,U.E. 14 de Septiembre,Villa 14 de Septiembre
9050305378,90503,U.E. Arasaya,Arasaya
9050305394,90503,U.E. Simon I. Patioo,Avenida Pairumani
