CodigoTerritorial,Departamento,Municipio,Provincia
10101.0,Chuquisaca,Oropeza,Sucre
10102.0,Chuquisaca,Oropeza,Yotala
10103.0,Chuquisaca,Oropeza,Poroma
10201.0,Chuquisaca,Azurduy,Azurduy
10202.0,Chuquisaca,Azurduy,Tarvita
10301.0,Chuquisaca,Zudáñez,Villa Zudáñez
10302.0,Chuquisaca,Zudáñez,Presto
10303.0,Chuquisaca,Zudáñez,Villa Mojocoya
10304.0,Chuquisaca,Zudáñez,Icla
10401.0,Chuquisaca,Tomina,Padilla
10402.0,Chuquisaca,Tomina,Tomina
10403.0,Chuquisaca,Tomina,Sopachuy
10404.0,Chuquisaca,Tomina,Villa Alcalá
10405.0,Chuquisaca,Tomina,El Villar
10501.0,Chuquisaca,Hernando Siles,Monteagudo
10502.0,Chuquisaca,Hernando Siles,Huacareta
10601.0,Chuquisaca,Yamparáez,Tarabuco
10602.0,Chuquisaca,Yamparáez,Yamparáez
10701.0,Chuquisaca,Nor Cinti,Camargo
10702.0,Chuquisaca,Nor Cinti,San Lucas
10703.0,Chuquisaca,Nor Cinti,Incahuasi
10704.0,Chuquisaca,Nor Cinti,Villa Charcas
10801.0,Chuquisaca,Belisario Boeto,Villa Serrano
10901.0,Chuquisaca,Sud Cinti,Villa Abecia
10902.0,Chuquisaca,Sud Cinti,Culpina
10903.0,Chuquisaca,Sud Cinti,Las Carreras
11001.0,Chuquisaca,Luis Calvo,Villa Vaca Guzmán (Muyupampa)
11002.0,Chuquisaca,Luis Calvo,Huacaya
11003.0,Chuquisaca,Luis Calvo,Macharetí
20101.0,La Paz,Murillo,La Paz
20102.0,La Paz,Murillo,Palca
20103.0,La Paz,Murillo,Mecapaca
20104.0,La Paz,Murillo,Achocalla
20105.0,La Paz,Murillo,El Alto
20201.0,La Paz,Omasuyos,Achacachi
20202.0,La Paz,Omasuyos,Ancoraimes
20203.0,La Paz,Omasuyos,Chua Cocani
20204.0,La Paz,Omasuyos,Huarina
20205.0,La Paz,Omasuyos,Santiago de Huata
20206.0,La Paz,Omasuyos,Huatajata
20301.0,La Paz,Pacajes,Coro Coro
20302.0,La Paz,Pacajes,Caquiaviri
20303.0,La Paz,Pacajes,Calacoto
20304.0,La Paz,Pacajes,Comanche
20305.0,La Paz,Pacajes,Charaña
20306.0,La Paz,Pacajes,Waldo Ballivián
20307.0,La Paz,Pacajes,Nazacara de Pacajes
20308.0,La Paz,Pacajes,Callapa
20401.0,La Paz,Camacho,Puerto Acosta
20402.0,La Paz,Camacho,Mocomoco
20403.0,La Paz,Camacho,Puerto Carabuco
20404.0,La Paz,Camacho,Humanata
20405.0,La Paz,Camacho,Escoma
20501.0,La Paz,Muñecas,Chuma
20502.0,La Paz,Muñecas,Ayata
20503.0,La Paz,Muñecas,Aucapata
20601.0,La Paz,Larecaja,Sorata
20602.0,La Paz,Larecaja,Guanay
20603.0,La Paz,Larecaja,Tacacoma
20604.0,La Paz,Larecaja,Quiabaya
20605.0,La Paz,Larecaja,Combaya
20606.0,La Paz,Larecaja,Tipuani
20607.0,La Paz,Larecaja,Mapiri
20608.0,La Paz,Larecaja,Teoponte
20701.0,La Paz,Franz Tamayo,Apolo
20702.0,La Paz,Franz Tamayo,Pelechuco
20801.0,La Paz,Ingavi,Viacha
20802.0,La Paz,Ingavi,Guaqui
20803.0,La Paz,Ingavi,Tiahuanaco
20804.0,La Paz,Ingavi,Desaguadero
20805.0,La Paz,Ingavi,San Andrés de Machaca
20806.0,La Paz,Ingavi,Jesús de Machaca
20807.0,La Paz,Ingavi,Taraco
20901.0,La Paz,Loayza,Luribay
20902.0,La Paz,Loayza,Sapahaqui
20903.0,La Paz,Loayza,Yaco
20904.0,La Paz,Loayza,Malla
20905.0,La Paz,Loayza,Cairoma
21001.0,La Paz,Inquisivi,Inquisivi
21002.0,La Paz,Inquisivi,Quime
21003.0,La Paz,Inquisivi,Cajuata
21004.0,La Paz,Inquisivi,Colquiri
21005.0,La Paz,Inquisivi,Ichoca
21006.0,La Paz,Inquisivi,Licoma Pampa
21101.0,La Paz,Sud Yungas,Chulumani
21102.0,La Paz,Sud Yungas,Irupana
21103.0,La Paz,Sud Yungas,Yanacachi
21104.0,La Paz,Sud Yungas,Palos Blancos
21105.0,La Paz,Sud Yungas,La Asunta
21201.0,La Paz,Los Andes,Pucarani
21202.0,La Paz,Los Andes,Laja
21203.0,La Paz,Los Andes,Batallas
21204.0,La Paz,Los Andes,Puerto Pérez
21301.0,La Paz,Aroma,Sica Sica
21302.0,La Paz,Aroma,Umala
21303.0,La Paz,Aroma,Ayo Ayo
21304.0,La Paz,Aroma,Calamarca
21305.0,La Paz,Aroma,Patacamaya
21306.0,La Paz,Aroma,Colquencha
21307.0,La Paz,Aroma,Collana
21401.0,La Paz,Nor Yungas,Coroico
21402.0,La Paz,Nor Yungas,Coripata
21501.0,La Paz,Iturralde,Ixiamas
21502.0,La Paz,Iturralde,San Buenaventura
21601.0,La Paz,Bautista Saavedra,Charazani
21602.0,La Paz,Bautista Saavedra,Curva
21701.0,La Paz,Manco Kapac,Copacabana
21702.0,La Paz,Manco Kapac,San Pedro de Tiquina
21703.0,La Paz,Manco Kapac,Tito Yupanqui
21801.0,La Paz,Gualberto Villarroel,San Pedro de Curahuara
21802.0,La Paz,Gualberto Villarroel,Papel Pampa
21803.0,La Paz,Gualberto Villarroel,Chacarilla
21901.0,La Paz,General José Manuel Pando,Santiago de Machaca
21902.0,La Paz,General José Manuel Pando,Catacora
22001.0,La Paz,Caranavi,Caranavi
22002.0,La Paz,Caranavi,Alto Beni
30101.0,Cochabamba,Cercado,Cochabamba
30201.0,Cochabamba,Campero,Aiquile
30202.0,Cochabamba,Campero,Pasorapa
30203.0,Cochabamba,Campero,Omereque
30301.0,Cochabamba,Ayopaya,Independencia
30302.0,Cochabamba,Ayopaya,Morochata
30303.0,Cochabamba,Ayopaya,Cocapata
30401.0,Cochabamba,Esteban Arze,Tarata
30402.0,Cochabamba,Esteban Arze,Anzaldo
30403.0,Cochabamba,Esteban Arze,Arbieto
30404.0,Cochabamba,Esteban Arze,Sacabamba
30501.0,Cochabamba,Arani,Arani
30502.0,Cochabamba,Arani,Vacas
30601.0,Cochabamba,Arque,Arque
30602.0,Cochabamba,Arque,Tacopaya
30701.0,Cochabamba,Capinota,Capinota
30702.0,Cochabamba,Capinota,Santiváñez
30703.0,Cochabamba,Capinota,Sicaya
30801.0,Cochabamba,Germán Jordán,Cliza
30802.0,Cochabamba,Germán Jordán,Toco
30803.0,Cochabamba,Germán Jordán,Tolata
30901.0,Cochabamba,Quillacollo,Quillacollo
30902.0,Cochabamba,Quillacollo,Sipe Sipe
30903.0,Cochabamba,Quillacollo,Tiquipaya
30904.0,Cochabamba,Quillacollo,Vinto
30905.0,Cochabamba,Quillacollo,Colcapirhua
31001.0,Cochabamba,Chapare,Sacaba
31002.0,Cochabamba,Chapare,Colomi
31003.0,Cochabamba,Chapare,Villa Tunari
31101.0,Cochabamba,Tapacarí,Tapacarí
31201.0,Cochabamba,Carrasco,Totora
31202.0,Cochabamba,Carrasco,Pojo
31203.0,Cochabamba,Carrasco,Pocona
31204.0,Cochabamba,Carrasco,Chimoré
31205.0,Cochabamba,Carrasco,Puerto Villarroel
31206.0,Cochabamba,Carrasco,Entre Ríos
31301.0,Cochabamba,Mizque,Mizque
31302.0,Cochabamba,Mizque,Vila Vila
31303.0,Cochabamba,Mizque,Alalay
31401.0,Cochabamba,Punata,Punata
31402.0,Cochabamba,Punata,Villa Rivero
31403.0,Cochabamba,Punata,San Benito
31404.0,Cochabamba,Punata,Tacachi
31405.0,Cochabamba,Punata,Cuchumuela
31501.0,Cochabamba,Bolívar,Bolívar
31601.0,Cochabamba,Tiraque,Tiraque
31602.0,Cochabamba,Tiraque,Shinahota
40101.0,Oruro,Cercado,Oruro
40102.0,Oruro,Cercado,Caracollo
40103.0,Oruro,Cercado,El Choro
40104.0,Oruro,Cercado,Paria
40201.0,Oruro,Abaroa,Challapata
40202.0,Oruro,Abaroa,Quillacas
40301.0,Oruro,Carangas,Corque
40302.0,Oruro,Carangas,Choquecota
40401.0,Oruro,Sajama,Curahuara de Carangas
40402.0,Oruro,Sajama,Turco
40501.0,Oruro,Litoral,Huachacalla
40502.0,Oruro,Litoral,Escara
40503.0,Oruro,Litoral,Cruz de Machacamarca
40504.0,Oruro,Litoral,Yunguyo de Litoral
40505.0,Oruro,Litoral,Esmeralda
40601.0,Oruro,Poopó,Poopó
40602.0,Oruro,Poopó,Pazña
40603.0,Oruro,Poopó,Antequera
40701.0,Oruro,Dalence,Huanuni
40702.0,Oruro,Dalence,Machacamarca
40801.0,Oruro,Ladislao Cabrera,Salinas de Garci Mendoza
40802.0,Oruro,Ladislao Cabrera,Pampa Aullagas
40901.0,Oruro,Sabaya,Sabaya
40902.0,Oruro,Sabaya,Coipasa
40903.0,Oruro,Sabaya,Chipaya
41001.0,Oruro,Saucarí,Toledo
41101.0,Oruro,Tomás Barrón,Eucaliptus
41201.0,Oruro,Sud Carangas,Santiago de Andamarca
41202.0,Oruro,Sud Carangas,Belén de Andamarca
41301.0,Oruro,San Pedro de Totora,Totora
41401.0,Oruro,Sebastián Pagador,Santiago de Huari
41501.0,Oruro,Mejillones,La Rivera
41502.0,Oruro,Mejillones,Todos Santos
41503.0,Oruro,Mejillones,Carangas
41601.0,Oruro,Nor Carangas,Huayllamarca
50101.0,Potosí,Tomás Frías,Potosí
50102.0,Potosí,Tomás Frías,Tinguipaya
50103.0,Potosí,Tomás Frías,Yocalla
50104.0,Potosí,Tomás Frías,Urmiri
50201.0,Potosí,Rafael Bustillo,Uncía
50202.0,Potosí,Rafael Bustillo,Chayanta
50203.0,Potosí,Rafael Bustillo,Llallagua
50204.0,Potosí,Rafael Bustillo,Chuquihuta
50301.0,Potosí,Cornelio Saavedra,Betanzos
50302.0,Potosí,Cornelio Saavedra,Chaquí
50303.0,Potosí,Cornelio Saavedra,Tacobamba
50401.0,Potosí,Chayanta,Colquechaca
50402.0,Potosí,Chayanta,Ravelo
50403.0,Potosí,Chayanta,Pocoata
50404.0,Potosí,Chayanta,Ocurí
50405.0,Potosí,Chayanta,San Pedro de Macha
50501.0,Potosí,Charcas,San Pedro de Buena Vista
50502.0,Potosí,Charcas,Toro Toro
50601.0,Potosí,Nor Chichas,Cotagaita
50602.0,Potosí,Nor Chichas,Vitichi
50701.0,Potosí,Alonso de Ibáñez,Sacaca
50702.0,Potosí,Alonso de Ibáñez,Caripuyo
50801.0,Potosí,Sud Chichas,Tupiza
50802.0,Potosí,Sud Chichas,Atocha
50901.0,Potosí,Nor Lípez,Colcha K
50902.0,Potosí,Nor Lípez,San Pedro de Quemes
51001.0,Potosí,Sud Lípez,San Pablo de Lípez
51002.0,Potosí,Sud Lípez,Mojinete
51003.0,Potosí,Sud Lípez,San Antonio de Esmoruco
51101.0,Potosí,Linares,Puna
51102.0,Potosí,Linares,Caiza D
51103.0,Potosí,Linares,Ckochas
51201.0,Potosí,Quijarro,Uyuni
51202.0,Potosí,Quijarro,Tomave
51203.0,Potosí,Quijarro,Porco
51301.0,Potosí,General Bilbao,Arampampa
51302.0,Potosí,General Bilbao,Acasio
51401.0,Potosí,Daniel Campos,Llica
51402.0,Potosí,Daniel Campos,Tahua
51501.0,Potosí,Modesto Omiste,Villazón
51601.0,Potosí,Enrique Baldivieso,San Agustín
60101.0,Tarija,Cercado,Tarija
60201.0,Tarija,Arce,Padcaya
60202.0,Tarija,Arce,Bermejo
60301.0,Tarija,Gran Chaco,Yacuiba
60302.0,Tarija,Gran Chaco,Caraparí
60303.0,Tarija,Gran Chaco,Villa Montes
60401.0,Tarija,José María Avilés,Uriondo
60402.0,Tarija,José María Avilés,Yunchará
60501.0,Tarija,Méndez,San Lorenzo
60502.0,Tarija,Méndez,El Puente
60601.0,Tarija,O'Connor,Entre Ríos
70101.0,Santa Cruz,Andrés Ibáñez,Santa Cruz de la Sierra
70102.0,Santa Cruz,Andrés Ibáñez,Cotoca
70103.0,Santa Cruz,Andrés Ibáñez,Porongo
70104.0,Santa Cruz,Andrés Ibáñez,La Guardia
70105.0,Santa Cruz,Andrés Ibáñez,El Torno
70201.0,Santa Cruz,Warnes,Warnes
70202.0,Santa Cruz,Warnes,Okinawa Uno
70301.0,Santa Cruz,Velasco,San Ignacio de Velasco
70302.0,Santa Cruz,Velasco,San Miguel de Velasco
70303.0,Santa Cruz,Velasco,San Rafael de Velasco
70401.0,Santa Cruz,Ichilo,Buena Vista
70402.0,Santa Cruz,Ichilo,San Carlos
70403.0,Santa Cruz,Ichilo,Villa Yapacaní
70404.0,Santa Cruz,Ichilo,San Juan de Yapacaní
70501.0,Santa Cruz,Chiquitos,San José de Chiquitos
70502.0,Santa Cruz,Chiquitos,Pailón
70503.0,Santa Cruz,Chiquitos,Roboré
70601.0,Santa Cruz,Sara,Portachuelo
70602.0,Santa Cruz,Sara,Santa Rosa del Sara
70603.0,Santa Cruz,Sara,Colpa Bélgica
70701.0,Santa Cruz,Cordillera,Lagunillas
70702.0,Santa Cruz,Cordillera,Charagua
70703.0,Santa Cruz,Cordillera,Cabezas
70704.0,Santa Cruz,Cordillera,Cuevo
70705.0,Santa Cruz,Cordillera,Gutiérrez (Kereimba Iyambae)
70706.0,Santa Cruz,Cordillera,Camiri
70707.0,Santa Cruz,Cordillera,Boyuibe
70801.0,Santa Cruz,Vallegrande,Vallegrande
70802.0,Santa Cruz,Vallegrande,El Trigal
70803.0,Santa Cruz,Vallegrande,Moro Moro
70804.0,Santa Cruz,Vallegrande,Postrervalle
70805.0,Santa Cruz,Vallegrande,Pucará
70901.0,Santa Cruz,Florida,Samaipata
70902.0,Santa Cruz,Florida,Pampagrande
70903.0,Santa Cruz,Florida,Mairana
70904.0,Santa Cruz,Florida,Quirusillas
71001.0,Santa Cruz,Obispo Santistevan,Montero
71002.0,Santa Cruz,Obispo Santistevan,General Saavedra
71003.0,Santa Cruz,Obispo Santistevan,Mineros
71004.0,Santa Cruz,Obispo Santistevan,Fernández Alonso
71005.0,Santa Cruz,Obispo Santistevan,San Pedro
71101.0,Santa Cruz,Ñuflo de Chaves,Concepción
71102.0,Santa Cruz,Ñuflo de Chaves,San Javier
71103.0,Santa Cruz,Ñuflo de Chaves,San Julián
71104.0,Santa Cruz,Ñuflo de Chaves,San Ramón
71105.0,Santa Cruz,Ñuflo de Chaves,San Antonio de Lomerío
71106.0,Santa Cruz,Ñuflo de Chaves,Cuatro Cañadas
71201.0,Santa Cruz,Ángel Sandóval,San Matías
71301.0,Santa Cruz,Caballero,Comarapa
71302.0,Santa Cruz,Caballero,Saipina
71401.0,Santa Cruz,Germán Busch,Puerto Suárez
71402.0,Santa Cruz,Germán Busch,Puerto Quijarro
71403.0,Santa Cruz,Germán Busch,El Carmen Rivero Tórrez
71501.0,Santa Cruz,Guarayos,Ascensión de Guarayos
71502.0,Santa Cruz,Guarayos,Urubichá
71503.0,Santa Cruz,Guarayos,El Puente
80101.0,Beni,Cercado,Trinidad
80102.0,Beni,Cercado,San Javier
80201.0,Beni,Vaca Díez,Riberalta
80202.0,Beni,Vaca Díez,Guayaramerín
80301.0,Beni,General José Ballivián,Reyes
80302.0,Beni,General José Ballivián,San Borja
80303.0,Beni,General José Ballivián,Santa Rosa
80304.0,Beni,General José Ballivián,Rurrenabaque
80401.0,Beni,Yacuma,Santa Ana del Yacuma
80402.0,Beni,Yacuma,Exaltación
80501.0,Beni,Moxos,San Ignacio de Moxos
80601.0,Beni,Marbán,Loreto
80602.0,Beni,Marbán,San Andrés
80701.0,Beni,Mamoré,San Joaquín
80702.0,Beni,Mamoré,San Ramón
80703.0,Beni,Mamoré,Puerto Siles
80801.0,Beni,Iténez,Magdalena
80802.0,Beni,Iténez,Baures
80803.0,Beni,Iténez,Huacaraje
90101.0,Pando,Nicolás Suárez,Cobija
90102.0,Pando,Nicolás Suárez,Porvenir
90103.0,Pando,Nicolás Suárez,Bolpebra
90104.0,Pando,Nicolás Suárez,Bella Flor
90201.0,Pando,Manuripi,Puerto Rico
90202.0,Pando,Manuripi,San Pedro
90203.0,Pando,Manuripi,Filadelfia
90301.0,Pando,Madre de Dios,Puerto Gonzalo Moreno
90302.0,Pando,Madre de Dios,San Lorenzo
90303.0,Pando,Madre de Dios,Sena
90401.0,Pando,Abuná,Santa Rosa del Abuná
90402.0,Pando,Abuná,Ingavi
90501.0,Pando,General Federico Román,Nueva Esperanza
90502.0,Pando,General Federico Román,Villa Nueva
90503.0,Pando,General Federico Román,Santos Mercado
